{
  "project_info": {
    "project_number": "967686985651",
    "firebase_url": "https://petagram2-80262.firebaseio.com",
    "project_id": "petagram2-80262",
    "storage_bucket": "petagram2-80262.appspot.com"
  },
  "client": [
    {
      "client_info": {
        "mobilesdk_app_id": "1:967686985651:android:99731c91c02677dc",
        "android_client_info": {
          "package_name": "com.example.gezuzm.imagencorporativa"
        }
      },
      "oauth_client": [
        {
          "client_id": "967686985651-mhb81h3vh94irt51l5ln8hmao5k39cd2.apps.googleusercontent.com",
          "client_type": 1,
          "android_info": {
            "package_name": "com.example.gezuzm.imagencorporativa",
            "certificate_hash": "71A79F9392A1C67D7E7AE35E2FCA2A04ACCA6274"
          }
        },
        {
          "client_id": "967686985651-chri72j3dma4hndmqmt1ha5h79fvo4g9.apps.googleusercontent.com",
          "client_type": 3
        }
      ],
      "api_key": [
        {
          "current_key": "AIzaSyB1wzB5jCC3OIdpymCQXU62unM_ZQTwm24"
        }
      ],
      "services": {
        "analytics_service": {
          "status": 1
        },
        "appinvite_service": {
          "status": 2,
          "other_platform_oauth_client": [
            {
              "client_id": "967686985651-chri72j3dma4hndmqmt1ha5h79fvo4g9.apps.googleusercontent.com",
              "client_type": 3
            }
          ]
        },
        "ads_service": {
          "status": 2
        }
      }
    }
  ],
  "configuration_version": "1"
}